id,name,model_id:id,group_id:id,perm_read,perm_write,perm_create,perm_unlink
access_laroca_inventario_encargado,laroca.inventario encargado,model_laroca_inventario,group_laroca_encargado,1,0,0,0
access_laroca_inventario_admin,laroca.inventario admin,model_laroca_inventario,group_laroca_admin,1,1,1,1
access_laroca_actualizar_stock_admin,laroca.actualizar.stock admin,model_laroca_actualizar_stock,group_laroca_admin,1,1,1,0
access_laroca_alerta_encargado,laroca.alerta encargado,model_laroca_alerta,group_laroca_encargado,1,0,0,0
access_laroca_alerta_admin,laroca.alerta admin,model_laroca_alerta,group_laroca_admin,1,1,1,1
access_laroca_entrega_encargado,laroca.entrega encargado,model_laroca_entrega,group_laroca_encargado,1,0,0,0
access_laroca_entrega_admin,laroca.entrega admin,model_laroca_entrega,group_laroca_admin,1,1,1,1
access_laroca_entrega_linea_encargado,laroca.entrega.linea encargado,model_laroca_entrega_linea,group_laroca_encargado,1,0,0,0
access_laroca_entrega_linea_admin,laroca.entrega.linea admin,model_laroca_entrega_linea,group_laroca_admin,1,1,1,1
access_laroca_recepcion_encargado,laroca.recepcion encargado,model_laroca_recepcion,group_laroca_encargado,1,1,1,0
access_laroca_recepcion_linea_encargado,laroca.recepcion.linea encargado,model_laroca_recepcion_linea,group_laroca_encargado,1,1,1,1
access_laroca_panel_encargado,laroca.panel encargado,model_laroca_panel,group_laroca_encargado,1,1,1,0
access_laroca_reporte_encargado,laroca.reporte encargado,model_laroca_reporte,group_laroca_encargado,1,1,1,0
access_laroca_conteo_admin,laroca.conteo admin,model_laroca_conteo,group_laroca_admin,1,1,1,0
access_laroca_conteo_linea_admin,laroca.conteo.linea admin,model_laroca_conteo_linea,group_laroca_admin,1,1,1,1
access_laroca_importar_admin,laroca.importar admin,model_laroca_importar,group_laroca_admin,1,1,1,0
access_laroca_cambiar_clave_admin,laroca.cambiar.clave admin,model_laroca_cambiar_clave,group_laroca_admin,1,1,1,0
access_laroca_pedido_encargado,laroca.pedido encargado,model_laroca_pedido,group_laroca_encargado,1,1,1,1
access_laroca_pedido_linea_encargado,laroca.pedido.linea encargado,model_laroca_pedido_linea,group_laroca_encargado,1,1,1,1
access_laroca_pedido_rechazo_admin,laroca.pedido.rechazo admin,model_laroca_pedido_rechazo,group_laroca_admin,1,1,1,0
access_laroca_venta_encargado,laroca.venta encargado,model_laroca_venta,group_laroca_encargado,1,0,0,0
access_laroca_venta_admin,laroca.venta admin,model_laroca_venta,group_laroca_admin,1,1,0,0
access_laroca_venta_linea_encargado,laroca.venta.linea encargado,model_laroca_venta_linea,group_laroca_encargado,1,0,0,0
access_laroca_venta_anulacion_admin,laroca.venta.anulacion admin,model_laroca_venta_anulacion,group_laroca_admin,1,1,1,0
access_laroca_vender_encargado,laroca.vender encargado,model_laroca_vender,group_laroca_encargado,1,1,1,0
access_laroca_vender_linea_encargado,laroca.vender.linea encargado,model_laroca_vender_linea,group_laroca_encargado,1,1,1,1
access_laroca_pedir_encargado,laroca.pedir encargado,model_laroca_pedir,group_laroca_encargado,1,1,1,0
access_laroca_pedir_linea_encargado,laroca.pedir.linea encargado,model_laroca_pedir_linea,group_laroca_encargado,1,1,1,1
access_laroca_preparar_entrega_admin,laroca.preparar.entrega admin,model_laroca_preparar_entrega,group_laroca_admin,1,1,1,0
access_laroca_preparar_entrega_linea_admin,laroca.preparar.entrega.linea admin,model_laroca_preparar_entrega_linea,group_laroca_admin,1,1,1,1
access_laroca_bodega_movimiento_admin,laroca.bodega.movimiento admin,model_laroca_bodega_movimiento,group_laroca_admin,1,1,1,0
access_laroca_bodega_movimiento_linea_admin,laroca.bodega.movimiento.linea admin,model_laroca_bodega_movimiento_linea,group_laroca_admin,1,1,1,1
access_laroca_panel_bodega_encargado,laroca.panel.bodega encargado,model_laroca_panel_bodega,group_laroca_encargado,1,1,1,0
access_laroca_producto_nuevo_admin,laroca.producto.nuevo admin,model_laroca_producto_nuevo,group_laroca_admin,1,1,1,0
